Computer Science,Business,Engineering,Psychology,Education,Nursing,Finance,Economics
Massachusetts Institute of Technology,Stanford University,Massachusetts Institute of Technology,Stanford University,Vanderbilt University,Johns Hopkins University,University of Pennsylvania,Harvard University
Stanford University,Dartmouth College,Stanford University,University of California Berkley,Harvard University,Duke University,University of Notre Dame,Yale University
Carnegie Mellon University,Harvard University,Rice University,Harvard University,Northwestern University,New York University,Georgetown University,University of Chicago
University of California Berkley,Northwestern University,Princeton University,University of California - Los Angeles,Brown University,University of California - San Franciso,Boston College,Stanford University
University of Illinois  at Urban-Champaign,University of Chicago,Georgia Institute of Technology,University of Michigan,University of Michigan,University of Pennsylvania,Washington University in St. Louis,northwestern University
Cornell University,Massachusetts Institute of Technology,Yale University,Yale University,Columbia University,University of Washington,University of Georgia,Vanderbilt University
University of North Carolina at Chapel Hill,Columbia University,California Institute of Technology,University of Illinois - UrbanChampaign,New York University,University of Maryland,Brigham Young University,Duke University
Yale University,University of California Berkley,Purdue University,Massachusetts Institute of Technology,Washington University in St. Louis,Emory University,Villanova University,Dartmouth College
Georgia Institute of Technology,Yale University,Duke University,Princeton University,Duke University,Louisiana State University,University of Texas - Austin,University of Pennsylvania
Columbia University,University of Pennsylvania - Wharton,Vandetbilt University,University of Minnesota,Brigham Young University,University of North Carolina - Chapel Hill,Florida State uynversity,Princeton University
Brown University,New York University,Johns Hopkins University,University of Pennsylvania,University of Florida,Rush University,University of Southern California,Brown University
Cornell University,Duke University,Columbia University,University of Texas - Austin,Stanford University,University of Pittsburgh,Bently University,Massachusetts Institute of Technology
Rice University,University of Michigan,University of Pennsylvania,University of California - San Diego,University of Pennsylvania,Villanova University,University of Florida,Rice University
University of Michigan - Ann Arbor,University of Virginia,Cornell University,University of North Carolina - Chapel Hill,Johns Hopkins University,University of Michigan,University of Illinois,University of Michigan
University of Pennsylvania,Cornell University,Washington University in St. Louis,University of Wisconsin,University of California - Los Angeles,Columbia University,Ohio State University,Cornell University
University of Southern California,Carnegie Mellon University,University of Southern California,Washington University in St. Louis,Middlebury College,Yale University,Tulane University,Georgetown University
Dartmouth College,University of Southern California,University of Michigan,Carnegie Mellon University,University of Virginia,Texas Tech University,University of Miami,Pomona College
Harvey Mudd College,University of Texas - Austin,Carnegie Mellon University,Duke University,Colgate University,Boston College,Penn State,University of Notre Dame
Tufts University,University of North Carlonia,Northwestern University,Indiana University - Bloomington,University of Southern California,Vanderbilt University,University of Wisconsin,University of California Berkley
University of Chicago,Georgetown University,University of Notre Dame,Northwestern University,Boston College,University of Miami,Wake Forest University,University of Southern California
